,return_1d,return_5d,return_10d,return_20d,ma_ratio,ma_ratio_60,volatility,vol_ratio,high_vol,wti_brent_spread,DXY,US_CPI,FED_RATE,US10Y,VIX,US_PPI,US_EPU,GLOBAL_EPU,opec_flag,sentiment_score,news_count,geopolitics_flag,policy_flag,gdelt_goldstein,gdelt_tone,gdelt_conflict_cnt,gdelt_coop_cnt,gdelt_conflict_intensity,gdelt_mentions,gdelt_goldstein_chg,gdelt_conflict_ma5,gdelt_tone_chg,cp6_tanker,cp4_tanker,cp1_tanker,cp5_tanker,cp11_tanker,cp7_tanker,hormuz_tanker_ma7,hormuz_tanker_zscore,hormuz_blocked,mandeb_tanker_ma7,mandeb_blocked,cape_reroute_signal
2026-05-26,-0.04937884801669323,-0.147907537427183,-0.10129182269729198,-0.11232477688685671,0.94213780571704,1.0559486822531023,5.497665567286114,0.5208039453755885,0,-3.4300003051758097,119.2825,332.407,3.64,4.57,16.76,283.764,314.11,371.0953517257944,0,0.4788461538461538,7.0,1.0,0.0,0.920128205128205,-1.121568310519088,197.0,583.0,-5.956666666666667,4534.0,1.4846199633699633,323.0,1.5648252109317975,2.0,7.0,14.0,62.0,53.0,36.0,2.7142857142857144,-0.433832911536317,1.0,10.857142857142858,0.0,1.15307312624049
