,return_1d,return_5d,return_10d,return_20d,ma_ratio,ma_ratio_60,volatility,vol_ratio,high_vol,wti_brent_spread,DXY,US_CPI,FED_RATE,US10Y,VIX,US_PPI,US_EPU,GLOBAL_EPU,opec_flag,sentiment_score,news_count,geopolitics_flag,policy_flag,gdelt_goldstein,gdelt_tone,gdelt_conflict_cnt,gdelt_coop_cnt,gdelt_conflict_intensity,gdelt_mentions,gdelt_goldstein_chg,gdelt_conflict_ma5,gdelt_tone_chg,cp6_tanker,cp4_tanker,cp1_tanker,cp5_tanker,cp11_tanker,cp7_tanker,hormuz_tanker_ma7,hormuz_tanker_zscore,hormuz_blocked,mandeb_tanker_ma7,mandeb_blocked,cape_reroute_signal
2026-05-27,0.011760882168353248,-0.05444736777741688,-0.08028106563507464,-0.1589571497953347,0.9397324236435033,1.0418351723797503,5.96879235380849,0.6130588369178958,0,-2.9399948120117188,119.2825,332.407,3.64,4.57,16.59,283.764,403.88,371.0953517257944,0,0.078125,6.0,1.0,0.0,0.7239033124440466,-2.261336573544812,282.0,835.0,-5.57910447761194,5819.0,1.1984501997568913,289.6,0.8623726957993583,2.0,7.0,14.0,62.0,53.0,36.0,2.7142857142857144,-0.433832911536317,1.0,10.857142857142858,0.0,1.15307312624049
