,return_1d,return_5d,return_10d,return_20d,ma_ratio,ma_ratio_60,volatility,vol_ratio,high_vol,wti_brent_spread,DXY,US_CPI,FED_RATE,US10Y,VIX,US_PPI,US_EPU,GLOBAL_EPU,opec_flag,sentiment_score,news_count,geopolitics_flag,policy_flag,gdelt_goldstein,gdelt_tone,gdelt_conflict_cnt,gdelt_coop_cnt,gdelt_conflict_intensity,gdelt_mentions,gdelt_goldstein_chg,gdelt_conflict_ma5,gdelt_tone_chg,cp6_tanker,cp4_tanker,cp1_tanker,cp5_tanker,cp11_tanker,cp7_tanker,hormuz_tanker_ma7,hormuz_tanker_zscore,hormuz_blocked,mandeb_tanker_ma7,mandeb_blocked,cape_reroute_signal
2026-06-01,0.02335165866843658,-0.07453413107631723,-0.17725015173128134,-0.18549561292019956,0.9154370196227621,1.0019456985264947,6.190722034266687,0.7782018539340291,0,-3.5100021362304688,119.2825,332.407,3.64,4.57,16.59,283.764,403.88,371.0953517257944,0,0.3531249999999999,5.0,1.0,0.0,0.7239033124440466,-2.261336573544812,282.0,835.0,-5.57910447761194,5819.0,-0.04012938510363728,265.0,0.0,0.0,11.0,20.0,72.0,45.0,19.0,1.8571428571428568,-0.4315648325795268,1.0,12.571428571428571,0.0,1.146264239300197
