,return_1d,return_5d,return_10d,return_20d,ma_ratio,ma_ratio_60,volatility,vol_ratio,high_vol,wti_brent_spread,DXY,US_CPI,FED_RATE,US10Y,VIX,US_PPI,US_EPU,GLOBAL_EPU,opec_flag,sentiment_score,news_count,geopolitics_flag,policy_flag,gdelt_goldstein,gdelt_tone,gdelt_conflict_cnt,gdelt_coop_cnt,gdelt_conflict_intensity,gdelt_mentions,gdelt_goldstein_chg,gdelt_conflict_ma5,gdelt_tone_chg,cp6_tanker,cp4_tanker,cp1_tanker,cp5_tanker,cp11_tanker,cp7_tanker,hormuz_tanker_ma7,hormuz_tanker_zscore,hormuz_blocked,mandeb_tanker_ma7,mandeb_blocked,cape_reroute_signal
2026-05-22,0.0025947068392238037,-0.0836653372037568,0.012366383649332402,-0.018492191890661536,0.9898893418434123,1.074359673982681,4.466127088304667,0.37394491507013955,0,-3.6100006103515625,119.2825,332.407,3.64,4.57,16.76,283.764,221.01,371.0953517257944,0,0.0544632768361582,74.0,1.0,1.0,0.5796309439318666,-3.1237092693441704,411.0,998.0,-5.365974025974026,8622.0,0.49879167235625305,396.4,-0.12405033852436631,2.0,7.0,14.0,62.0,53.0,36.0,2.7142857142857144,-0.433832911536317,1.0,10.857142857142858,0.0,1.15307312624049
