,return_1d,return_5d,return_10d,return_20d,ma_ratio,ma_ratio_60,volatility,vol_ratio,high_vol,wti_brent_spread,DXY,US_CPI,FED_RATE,US10Y,VIX,US_PPI,US_EPU,GLOBAL_EPU,opec_flag,sentiment_score,news_count,geopolitics_flag,policy_flag,gdelt_goldstein,gdelt_tone,gdelt_conflict_cnt,gdelt_coop_cnt,gdelt_conflict_intensity,gdelt_mentions,gdelt_goldstein_chg,gdelt_conflict_ma5,gdelt_tone_chg,cp6_tanker,cp4_tanker,cp1_tanker,cp5_tanker,cp11_tanker,cp7_tanker,hormuz_tanker_ma7,hormuz_tanker_zscore,hormuz_blocked,mandeb_tanker_ma7,mandeb_blocked,cape_reroute_signal
2026-05-19,-0.04960433312522061,0.010667413727101005,-0.02261975541296224,0.10284063053253312,1.014706735129744,1.0909362059256704,3.8856901412145763,0.2889842575978123,0,-7.060005187988267,119.2825,332.407,3.64,4.59,18.43,283.764,388.57,371.0953517257944,0,-0.1163934426229508,19.0,1.0,1.0,-0.5644917582417583,-2.999658930819804,525.0,931.0,-6.365408805031447,11518.0,-1.1719113790166964,382.8,-0.09997497988170911,0.0,13.0,18.0,76.0,31.0,23.0,0.5714285714285714,-0.6379665236374702,1.0,11.285714285714286,0.0,1.0319854599404397
